<?xml version="1.0"?>
<manifest>
  <main label="Edge_Insights_for_Industrial" version="2.3.4" id="5efb3ad87e3933002a6b41b2" packageId="60ff8bed-7063-454e-878e-03f3eba3c52b" osId="5e81c3132ed228002ae08bc7"/>
  <default path="installation/common" esb_install="true" label="esb_common" id="5e8c4742e02f17002a2a6976"/>
  <project path="installation/src" id="5f21392e9e63c9002a6fd88d" version="19.03.8" label="Docker_Community_Edition_CE" esb_install="true"/>
  <project path="installation/src" id="5f213aae9e63c9002a6fd88e" version="1.24.0" label="Docker_Compose" esb_install="true"/>
  <project path="installation/src" id="5ef1c13e1c1b39002a68448b" version="2.3.4" label="IEdgeInsights"/>
  <project path="installation/src" id="5ef2e867fa5828002aa646da" version="2.3.4" label="IEdgeInsights/Samples"/>
  <project path="installation/src" id="5ef1ca961c1b39002a68448c" version="2.3.4" label="Docs"/>
  <project path="installation/src" id="5ef2112f1c1b39002a68448e" version="2.3.4" label="IEdgeInsights/common/video"/>
  <project path="installation/src" id="5ef215831c1b39002a684490" version="2.3.4" label="IEdgeInsights/VideoAnalytics"/>
  <project path="installation/src" id="5ef2154d1c1b39002a68448f" version="2.3.4" label="IEdgeInsights/VideoIngestion"/>
  <project path="installation/src" id="5ef215b71c1b39002a684491" version="2.3.4" label="IEdgeInsights/Visualizer"/>
  <project path="installation/src" id="5ef215f11c1b39002a684492" version="2.3.4" label="IEdgeInsights/WebVisualizer"/>
  <project path="installation/src" id="5ef237291c1b39002a684495" version="2.3.4" label="IEdgeInsights/ImageStore"/>
  <project path="installation/src" id="5ef236d31c1b39002a684493" version="2.3.4" label="IEdgeInsights/InfluxDBConnector"/>
  <project path="installation/src" id="5ef2390a1c1b39002a684499" version="2.3.4" label="IEdgeInsights/FactoryControlApp"/>
  <project path="installation/src" id="5ef239381c1b39002a68449a" version="2.3.4" label="IEdgeInsights/OpcuaExport"/>
  <project path="installation/src" id="5ef239691c1b39002a68449b" version="2.3.4" label="IEdgeInsights/RestDataExport"/>
  <project path="installation/src" id="5ef237b21c1b39002a684497" version="2.3.4" label="IEdgeInsights/EISAzureBridge"/>
  <project path="installation/src" id="5ef237ef1c1b39002a684498" version="2.3.4" label="IEdgeInsights/tools"/>
  <project path="installation/src" id="5ef46fe3fa5828002aa646e0" version="2.3.4" label="eis_installer" esb_install="true"/>
  <project path="installation/src" id="5ef2eb18fa5828002aa646dc" version="2.3.4" label="manageability"/>
</manifest>